0;0;0;0;sea;false;ocean;0
1;249;153;253;land;false;desert;1
2;239;142;151;land;false;desert;1
3;127;198;242;land;false;desert;1
4;246;182;210;land;false;desert;1
5;220;252;231;land;false;desert;1
6;188;145;212;land;true;desert;1
7;250;38;215;land;true;desert;1
8;174;183;199;land;false;desert;1
9;236;188;251;land;true;desert;1
10;137;243;135;land;true;desert;1
11;148;211;224;land;true;desert;1
12;179;151;234;land;true;desert;1
13;167;125;223;land;false;desert;1
14;217;183;239;land;false;desert;1
15;78;210;238;land;true;desert;1
16;237;113;156;land;false;desert;1
17;188;225;248;land;true;desert;1
18;43;236;227;land;true;desert;1
19;244;217;202;land;true;desert;1
20;224;207;217;land;false;desert;1
21;207;238;252;land;false;desert;1
22;95;214;215;land;false;desert;1
23;211;186;207;land;false;desert;1
24;196;158;158;land;true;desert;1
25;239;149;169;land;false;desert;1
26;165;190;153;land;true;desert;1
27;186;201;188;land;false;desert;1
28;56;236;222;land;false;desert;1
29;199;229;230;land;false;desert;1
30;146;241;203;land;true;desert;1
31;205;210;225;land;true;desert;1
32;219;216;142;land;false;desert;1
33;53;197;253;land;true;desert;1
34;216;117;217;land;true;desert;1
35;104;241;213;land;false;desert;1
36;236;144;236;land;true;desert;1
37;188;248;203;land;true;desert;1
38;220;145;254;land;false;desert;1
39;199;220;232;land;false;desert;1
40;248;202;239;land;false;desert;1
41;189;219;241;land;false;desert;1
42;197;124;214;land;false;desert;1
43;198;252;148;land;true;desert;1
44;202;227;116;land;true;desert;1
45;158;162;198;land;false;desert;1
46;170;249;169;land;false;desert;1
47;199;201;222;land;false;desert;1
48;211;224;252;land;true;desert;1
49;239;241;27;land;true;desert;1
50;222;235;90;land;true;desert;1
51;204;199;252;land;true;desert;1
52;55;225;246;land;false;desert;1
53;142;220;230;land;true;desert;1
54;236;114;186;land;true;desert;1
55;218;215;157;land;true;desert;1
56;100;223;183;land;false;desert;1
57;170;217;127;land;true;desert;1
58;248;224;231;land;true;desert;1
59;228;54;221;land;false;desert;1
60;191;250;81;land;true;desert;1
61;196;174;180;land;true;desert;1
62;116;248;218;land;true;desert;1
63;138;148;250;land;false;desert;1
64;249;75;217;land;false;desert;1
65;245;243;157;land;false;desert;1
66;61;242;241;land;false;desert;1
67;204;194;140;land;true;desert;1
68;225;236;108;land;true;desert;1
69;135;180;250;land;false;desert;1
70;236;186;172;land;false;desert;1
71;237;251;106;land;true;desert;1
72;225;138;177;land;false;desert;1
73;161;230;249;land;true;desert;1
74;206;97;247;land;false;desert;1
75;175;186;218;land;true;desert;1
76;114;214;217;land;true;desert;1
77;211;154;221;land;false;desert;1
78;248;238;99;land;false;desert;1
79;245;46;234;land;true;desert;1
80;217;253;128;land;true;desert;1
81;196;233;237;land;false;desert;1
82;214;208;128;land;false;desert;1
83;245;234;131;land;true;desert;1
84;209;205;106;land;false;desert;1
85;169;243;122;land;false;desert;1
86;220;65;253;land;false;desert;1
87;96;196;214;land;false;desert;1
88;169;233;109;land;true;desert;1
89;204;229;132;land;true;desert;1
90;254;206;142;land;true;desert;1
91;202;246;144;land;true;desert;1
92;153;248;242;land;true;desert;1
93;204;240;135;land;false;desert;1
94;197;160;145;land;true;desert;1
95;254;112;194;land;false;desert;1
96;222;247;197;land;false;desert;1
97;212;185;247;land;false;desert;1
98;208;210;120;land;false;desert;1
99;237;253;129;land;true;desert;1
100;234;140;205;land;true;desert;1
101;195;224;175;land;false;desert;1
102;184;252;100;land;true;desert;1
103;137;174;233;land;true;desert;1
104;219;123;212;land;false;desert;1
105;172;250;153;land;false;desert;1
106;220;111;235;land;false;desert;1
107;254;202;158;land;true;desert;1
108;254;154;157;land;true;desert;1
109;153;153;243;land;false;desert;1
110;234;232;199;land;true;desert;1
111;191;228;105;land;false;desert;1
112;232;208;172;land;true;desert;1
113;207;182;252;land;true;desert;1
114;246;249;218;land;true;desert;1
115;184;245;233;land;false;desert;1
116;155;214;160;land;false;desert;1
117;201;254;200;land;false;desert;1
118;77;238;218;land;false;desert;1
119;143;175;208;land;false;desert;1
120;245;120;154;land;false;desert;1
121;225;150;203;land;false;desert;1
122;157;254;199;land;false;desert;1
123;169;160;217;land;false;desert;1
124;178;204;172;land;false;desert;1
125;212;146;209;land;false;desert;1
126;157;209;248;land;false;desert;1
127;189;101;248;land;false;desert;1
128;253;50;208;land;false;desert;1
129;176;81;254;land;true;desert;1
130;251;58;204;land;true;desert;1
131;220;60;250;land;true;desert;1
132;157;171;249;land;false;desert;1
133;251;167;244;land;true;desert;1
134;117;197;207;land;true;desert;1
135;248;224;232;land;true;desert;1
136;210;224;183;land;true;desert;1
137;228;231;237;land;true;desert;1
138;213;254;240;land;false;desert;1
139;88;249;196;land;false;desert;1
140;246;63;236;land;false;desert;1
141;252;225;101;land;false;desert;1
142;226;233;217;land;false;desert;1
143;183;233;85;land;true;desert;1
144;244;194;101;land;true;desert;1
145;221;144;192;land;false;desert;1
146;254;117;176;land;false;desert;1
147;249;62;245;land;false;desert;1
148;236;168;214;land;false;desert;1
149;224;120;200;land;true;desert;1
150;98;243;180;land;false;desert;1
151;186;180;236;land;false;desert;1
152;247;211;213;land;false;desert;1
153;193;161;222;land;false;desert;1
154;168;216;223;land;true;desert;1
155;66;248;194;land;false;desert;1
156;185;138;195;land;false;desert;1
157;238;194;228;land;true;desert;1
158;173;119;242;land;true;desert;1
159;49;222;252;land;false;desert;1
160;134;211;176;land;false;desert;1
161;250;137;195;land;false;desert;1
162;147;218;186;land;false;desert;1
163;207;182;207;land;true;desert;1
164;252;171;214;land;false;desert;1
165;254;63;250;land;false;desert;1
166;197;152;167;land;false;desert;1
167;247;210;175;land;false;desert;1
168;223;161;210;land;true;desert;1
169;237;161;168;land;true;desert;1
170;218;153;195;land;true;desert;1
171;212;245;111;land;true;desert;1
172;221;193;86;land;false;desert;1
173;134;185;198;land;false;desert;1
174;131;243;176;land;false;desert;1
175;218;228;155;land;true;desert;1
176;224;243;186;land;true;desert;1
177;214;187;213;land;true;desert;1
178;130;147;228;land;false;desert;1
179;225;169;198;land;true;desert;1
180;248;212;205;land;true;desert;1
181;202;199;164;land;true;desert;1
182;77;234;219;land;false;desert;1
183;201;179;224;land;false;desert;1
184;156;228;152;land;true;desert;1
185;232;207;103;land;false;desert;1
186;150;159;215;land;false;desert;1
187;228;250;75;land;false;desert;1
188;224;143;244;land;true;desert;1
189;177;114;248;land;false;desert;1
190;158;167;204;land;false;desert;1
191;235;207;218;land;false;desert;1
192;197;157;252;land;false;desert;1
193;253;165;194;land;false;desert;1
194;137;204;181;land;false;desert;1
195;162;186;217;land;false;desert;1
196;164;250;124;land;false;desert;1
197;241;47;242;land;false;desert;1
198;214;209;215;land;false;desert;1
199;245;178;120;land;false;desert;1
200;212;204;140;land;false;desert;1
201;173;191;142;land;false;desert;1
202;170;207;206;land;false;desert;1
203;196;150;209;land;false;desert;1
204;232;230;124;land;false;desert;1
205;30;249;225;land;true;desert;1
206;143;251;183;land;false;desert;1
207;243;210;142;land;true;desert;1
208;166;194;221;land;true;desert;1
209;181;211;236;land;false;desert;1
210;208;87;228;land;true;desert;1
211;234;249;46;land;false;desert;1
212;228;254;228;land;false;desert;1
213;112;212;240;land;false;desert;1
214;222;85;245;land;false;desert;1
215;218;108;189;land;false;desert;1
216;208;241;80;land;true;desert;1
217;199;185;149;land;false;desert;1
218;217;190;158;land;false;desert;1
219;96;253;189;land;false;desert;1
220;155;157;209;land;false;desert;1
221;207;143;254;land;true;desert;1
222;179;232;192;land;true;desert;1
223;222;176;132;land;true;desert;1
224;208;196;147;land;true;desert;1
225;186;207;197;land;false;desert;1
226;221;98;184;land;true;desert;1
227;225;250;80;land;true;desert;1
228;110;234;218;land;false;desert;1
229;157;196;184;land;true;desert;1
230;242;230;211;land;true;desert;1
231;194;227;233;land;true;desert;1
232;119;215;227;land;false;desert;1
233;173;227;227;land;false;desert;1
234;225;216;156;land;true;desert;1
235;201;239;132;land;true;desert;1
236;245;137;162;land;true;desert;1
237;191;190;203;land;true;desert;1
238;176;208;192;land;true;desert;1
239;206;123;178;land;true;desert;1
240;153;212;171;land;false;desert;1
241;241;76;235;land;true;desert;1
242;235;123;143;land;false;desert;1
243;130;239;235;land;false;desert;1
244;235;202;175;land;false;desert;1
245;124;246;219;land;true;desert;1
246;135;151;251;land;true;desert;1
247;222;167;159;land;true;desert;1
248;212;75;236;land;true;desert;1
249;203;245;252;land;true;desert;1
250;215;91;217;land;true;desert;1
251;249;204;139;land;true;desert;1
252;49;202;251;land;true;desert;1
253;227;191;203;land;false;desert;1
254;244;124;156;land;false;desert;1
255;208;216;132;land;false;desert;1
256;243;156;109;land;false;desert;1
257;170;223;248;land;false;desert;1
258;215;201;205;land;false;desert;1
259;233;200;178;land;false;desert;1
260;152;189;246;land;false;desert;1
261;195;235;134;land;false;desert;1
262;253;120;186;land;false;desert;1
263;159;216;240;land;false;desert;1
264;204;202;152;land;true;desert;1
265;222;187;202;land;true;desert;1
266;128;225;170;land;true;desert;1
267;206;219;173;land;true;desert;1
268;145;178;220;land;true;desert;1
269;231;214;180;land;true;desert;1
270;201;250;85;land;true;desert;1
271;200;211;174;land;true;desert;1
272;227;245;99;land;true;desert;1
273;220;232;237;land;true;desert;1
274;200;210;145;land;true;desert;1
275;222;73;208;land;false;desert;1
276;213;181;234;land;true;desert;1
277;205;243;114;land;true;desert;1
278;45;204;251;land;true;desert;1
279;235;87;212;land;true;desert;1
280;172;151;220;land;false;desert;1
281;173;223;144;land;false;desert;1
282;221;211;137;land;false;desert;1
283;211;197;182;land;true;desert;1
284;115;218;238;land;true;desert;1
285;133;177;254;land;true;desert;1
286;253;203;77;land;false;desert;1
287;197;138;209;land;false;desert;1
288;202;252;184;land;false;desert;1
289;178;235;91;land;false;desert;1
290;215;152;136;land;false;desert;1
291;235;116;174;land;false;desert;1
292;239;221;251;land;true;desert;1
293;157;220;132;land;false;desert;1
294;252;237;88;land;false;desert;1
295;247;71;243;land;false;desert;1
296;116;216;248;land;false;desert;1
297;173;213;231;land;true;desert;1
298;215;213;108;land;false;desert;1
299;196;219;170;land;true;desert;1
300;64;243;251;land;true;desert;1
301;246;92;220;land;true;desert;1
302;185;248;252;land;true;desert;1
303;121;197;254;land;true;desert;1
304;212;178;163;land;true;desert;1
305;247;148;172;land;true;desert;1
306;239;137;217;land;true;desert;1
307;176;246;128;land;false;desert;1
308;178;87;239;land;false;desert;1
309;213;202;105;land;false;desert;1
310;250;219;76;land;true;desert;1
311;153;229;186;land;false;desert;1
312;98;203;221;land;false;desert;1
313;110;222;171;land;false;desert;1
314;227;222;129;land;true;desert;1
315;118;234;227;land;true;desert;1
316;110;227;199;land;true;desert;1
317;112;247;243;land;true;desert;1
318;200;198;189;land;true;desert;1
319;86;181;248;land;true;desert;1
320;242;151;239;land;true;desert;1
321;67;209;250;land;true;desert;1
322;191;167;236;land;false;desert;1
323;215;217;181;land;false;desert;1
324;252;161;187;land;true;desert;1
325;234;173;234;land;false;desert;1
326;88;249;245;land;true;desert;1
327;167;249;252;land;true;desert;1
328;191;199;202;land;false;desert;1
329;87;252;173;land;true;desert;1
330;85;200;244;land;false;desert;1
331;173;247;201;land;false;desert;1
332;242;232;238;land;false;desert;1
333;185;240;197;land;false;desert;1
334;218;215;132;land;true;desert;1
335;254;233;189;land;true;desert;1
336;236;193;185;land;true;desert;1
337;241;215;227;land;true;desert;1
338;177;124;213;land;false;desert;1
339;240;142;191;land;false;desert;1
340;241;109;244;land;false;desert;1
341;250;149;225;land;false;desert;1
342;120;231;163;land;true;desert;1
343;243;164;126;land;false;desert;1
344;236;89;237;land;false;desert;1
345;218;47;248;land;true;desert;1
346;210;120;254;land;true;desert;1
347;131;222;219;land;true;desert;1
348;64;202;254;land;true;desert;1
349;215;175;206;land;true;desert;1
350;217;233;235;land;true;desert;1
351;207;237;88;land;true;desert;1
352;234;101;200;land;true;desert;1
353;244;102;168;land;true;desert;1
354;201;184;138;land;true;desert;1
355;150;240;167;land;true;desert;1
356;210;148;214;land;true;desert;1
357;248;254;47;land;false;desert;1
358;142;229;200;land;false;desert;1
359;74;223;226;land;false;desert;1
360;217;175;175;land;false;desert;1
361;81;221;236;land;false;desert;1
362;173;224;176;land;false;desert;1
363;146;157;241;land;false;desert;1
364;245;246;26;land;false;desert;1
365;163;199;185;land;true;desert;1
366;250;150;120;land;false;desert;1
367;216;113;228;land;false;desert;1
368;232;159;146;land;true;desert;1
369;248;216;64;land;true;desert;1
370;215;135;231;land;true;desert;1
371;95;231;243;land;false;desert;1
372;246;164;126;land;false;desert;1
373;220;222;189;land;false;desert;1
374;132;254;243;land;true;desert;1
375;124;182;238;land;false;desert;1
376;210;159;203;land;false;desert;1
377;186;247;135;land;true;desert;1
378;232;249;39;land;true;desert;1
379;113;174;220;land;true;desert;1
380;188;161;179;land;false;desert;1
381;43;215;249;land;true;desert;1
382;222;162;133;land;true;desert;1
383;180;125;216;land;true;desert;1
384;126;193;198;land;true;desert;1
385;152;163;201;land;true;desert;1
386;45;229;250;land;false;desert;1
387;208;178;132;land;true;desert;1
388;154;251;243;land;false;desert;1
389;75;210;224;land;true;desert;1
390;195;197;186;land;false;desert;1
391;198;203;249;land;true;desert;1
392;150;236;215;land;false;desert;1
393;155;212;220;land;false;desert;1
394;243;220;118;land;true;desert;1
395;222;174;118;land;false;desert;1
396;208;170;241;land;true;desert;1
397;177;217;147;land;true;desert;1
398;234;156;181;land;true;desert;1
399;221;240;47;land;false;desert;1
400;148;209;225;land;true;desert;1
401;238;233;240;land;true;desert;1
402;243;105;234;land;true;desert;1
403;189;163;228;land;false;desert;1
404;82;228;193;land;false;desert;1
405;174;185;212;land;true;desert;1
406;229;214;171;land;false;desert;1
407;166;217;161;land;false;desert;1
408;222;243;120;land;false;desert;1
409;214;212;230;land;true;desert;1
410;219;206;211;land;true;desert;1
411;158;164;221;land;true;desert;1
412;142;158;227;land;true;desert;1
413;176;170;224;land;false;desert;1
414;182;244;82;land;false;desert;1
415;229;220;124;land;false;desert;1
416;170;185;168;land;false;desert;1
417;112;240;212;land;false;desert;1
418;196;148;240;land;false;desert;1
419;241;179;229;land;true;desert;1
420;240;128;147;land;true;desert;1
421;230;220;197;land;true;desert;1
422;183;152;198;land;false;desert;1
423;251;253;98;land;true;desert;1
424;242;130;230;land;true;desert;1
425;242;211;220;land;false;desert;1
426;200;231;205;land;true;desert;1
427;191;158;249;land;true;desert;1
428;183;160;166;land;true;desert;1
429;232;155;138;land;true;desert;1
430;84;225;245;land;true;desert;1
431;225;205;162;land;true;desert;1
432;204;194;217;land;true;desert;1
433;211;181;204;land;false;desert;1
434;176;208;240;land;true;desert;1
435;213;159;237;land;true;desert;1
436;230;138;182;land;true;desert;1
437;206;185;117;land;false;desert;1
438;75;237;215;land;true;desert;1
439;104;201;248;land;true;desert;1
440;254;139;179;land;true;desert;1
441;158;178;178;land;true;desert;1
442;103;211;216;land;true;desert;1
443;234;151;157;land;true;desert;1
444;194;233;247;land;true;desert;1
445;247;134;169;land;true;desert;1
446;46;251;251;land;true;desert;1
447;161;241;221;land;true;desert;1
448;201;191;237;land;false;desert;1
449;235;180;94;land;true;desert;1
450;254;169;218;land;true;desert;1
451;117;241;230;land;true;desert;1
452;145;250;142;land;true;desert;1
453;183;238;130;land;true;desert;1
454;152;165;242;land;false;desert;1
455;252;36;221;land;false;desert;1
456;252;177;191;land;false;desert;1
457;199;179;165;land;false;desert;1
458;234;144;246;land;true;desert;1
459;231;236;230;land;true;desert;1
460;216;222;230;land;true;desert;1
461;167;220;161;land;true;desert;1
462;30;234;251;land;true;desert;1
463;184;93;228;land;true;desert;1
464;151;213;154;land;false;desert;1
465;129;138;252;land;false;desert;1
466;199;197;211;land;true;desert;1
467;247;235;189;land;false;desert;1
468;214;189;127;land;false;desert;1
469;161;213;254;land;true;desert;1
470;198;218;143;land;false;desert;1
471;202;207;172;land;true;desert;1
472;99;224;178;land;true;desert;1
473;189;139;185;land;true;desert;1
474;103;224;219;land;true;desert;1
475;252;96;200;land;true;desert;1
476;237;220;53;land;true;desert;1
477;233;208;190;land;false;desert;1
478;188;242;100;land;false;desert;1
479;105;243;240;land;false;desert;1
480;244;218;244;land;false;desert;1
481;133;208;249;land;false;desert;1
482;251;245;188;land;true;desert;1
483;184;218;245;land;true;desert;1
484;178;194;226;land;true;desert;1
485;184;102;247;land;false;desert;1
486;194;123;224;land;true;desert;1
487;128;251;128;land;false;desert;1
488;217;224;147;land;false;desert;1
489;228;176;129;land;true;desert;1
490;251;199;70;land;true;desert;1
491;187;174;179;land;false;desert;1
492;213;166;130;land;true;desert;1
493;215;247;244;land;false;desert;1
494;162;214;145;land;true;desert;1
495;200;164;201;land;true;desert;1
496;233;171;157;land;false;desert;1
497;175;124;252;land;true;desert;1
498;212;201;109;land;false;desert;1
499;231;181;192;land;false;desert;1
500;247;187;199;land;false;desert;1
501;152;241;159;land;false;desert;1
502;150;188;202;land;false;desert;1
503;128;205;173;land;true;desert;1
504;239;132;223;land;false;desert;1
505;214;209;194;land;true;desert;1
506;232;121;204;land;false;desert;1
507;214;254;254;land;true;desert;1
508;162;156;240;land;false;desert;1
509;254;241;31;land;true;desert;1
510;152;213;214;land;false;desert;1
511;252;191;72;land;true;desert;1
512;195;187;157;land;true;desert;1
513;167;181;236;land;true;desert;1
514;166;127;235;land;false;desert;1
515;251;245;227;land;true;desert;1
516;242;160;190;land;true;desert;1
517;240;227;191;land;false;desert;1
518;233;151;193;land;true;desert;1
519;188;127;215;land;true;desert;1
520;245;193;80;land;false;desert;1
521;181;223;117;land;true;desert;1
522;154;241;193;land;true;desert;1
523;132;140;239;land;true;desert;1
524;241;223;165;land;true;desert;1
525;228;211;127;land;true;desert;1
526;205;152;197;land;true;desert;1
527;248;153;173;land;true;desert;1
528;144;244;221;land;true;desert;1
529;177;209;248;land;false;desert;1
530;180;130;238;land;true;desert;1
531;118;187;208;land;true;desert;1
532;117;179;206;land;true;desert;1
533;250;234;109;land;true;desert;1
534;119;166;237;land;true;desert;1
535;211;211;123;land;true;desert;1
536;161;113;232;land;true;desert;1
537;222;107;246;land;true;desert;1
538;162;212;206;land;true;desert;1
539;176;234;97;land;false;desert;1
540;229;148;127;land;false;desert;1
541;228;206;91;land;false;desert;1
542;170;231;141;land;false;desert;1
543;208;144;207;land;true;desert;1
544;66;231;211;land;false;desert;1
545;223;213;126;land;false;desert;1
546;245;107;163;land;true;desert;1
547;242;193;165;land;false;desert;1
548;125;252;152;land;true;desert;1
549;208;246;105;land;true;desert;1
550;165;174;167;land;false;desert;1
551;221;242;192;land;true;desert;1
552;82;248;191;land;false;desert;1
553;230;178;117;land;true;desert;1
554;244;241;220;land;false;desert;1
555;202;198;148;land;false;desert;1
556;247;129;163;land;false;desert;1
557;220;192;210;land;false;desert;1
558;192;204;122;land;true;desert;1
559;120;238;208;land;true;desert;1
560;147;245;246;land;true;desert;1
561;218;129;205;land;true;desert;1
562;245;226;244;land;true;desert;1
563;223;240;94;land;true;desert;1
564;149;111;253;land;true;desert;1
565;226;170;237;land;true;desert;1
566;233;168;175;land;true;desert;1
567;186;84;237;land;false;desert;1
568;222;235;71;land;false;desert;1
569;245;191;232;land;false;desert;1
570;243;235;185;land;false;desert;1
571;156;173;244;land;false;desert;1
572;184;198;184;land;false;desert;1
573;158;212;193;land;true;desert;1
574;211;191;175;land;false;desert;1
575;208;153;147;land;true;desert;1
576;194;194;230;land;false;desert;1
577;155;181;215;land;false;desert;1
578;249;223;62;land;false;desert;1
579;136;179;195;land;false;desert;1
580;226;199;214;land;true;desert;1
581;198;210;128;land;true;desert;1
582;78;210;252;land;false;desert;1
583;204;212;248;land;false;desert;1
584;244;126;147;land;false;desert;1
585;206;245;128;land;true;desert;1
586;227;125;236;land;true;desert;1
587;128;251;151;land;false;desert;1
588;185;215;154;land;true;desert;1
589;139;231;193;land;true;desert;1
590;221;110;208;land;true;desert;1
591;215;224;184;land;true;desert;1
592;226;209;211;land;true;desert;1
593;134;188;246;land;false;desert;1
594;214;162;129;land;false;desert;1
595;166;213;132;land;true;desert;1
596;183;182;142;land;false;desert;1
597;248;230;103;land;false;desert;1
598;114;234;202;land;false;desert;1
599;230;248;59;land;false;desert;1
600;220;208;100;land;true;desert;1
601;193;120;224;land;true;desert;1
602;236;248;58;land;true;desert;1
603;253;146;177;land;true;desert;1
604;243;176;229;land;true;desert;1
605;209;204;198;land;true;desert;1
606;243;168;176;land;true;desert;1
607;204;182;148;land;true;desert;1
608;189;154;252;land;true;desert;1
609;177;230;188;land;true;desert;1
610;141;223;239;land;true;desert;1
611;249;210;176;land;true;desert;1
612;194;215;120;land;true;desert;1
613;248;175;145;land;true;desert;1
614;158;242;207;land;false;desert;1
615;233;219;236;land;true;desert;1
616;224;201;106;land;false;desert;1
617;254;220;183;land;true;desert;1
618;221;251;174;land;true;desert;1
619;242;142;171;land;false;desert;1
620;152;209;196;land;true;desert;1
621;246;187;242;land;true;desert;1
622;213;134;228;land;true;desert;1
623;198;253;212;land;true;desert;1
624;76;246;253;land;true;desert;1
625;242;251;86;land;true;desert;1
626;236;197;72;land;true;desert;1
627;187;193;234;land;true;desert;1
628;107;215;199;land;true;desert;1
629;167;182;174;land;true;desert;1
630;205;106;194;land;true;desert;1
631;253;254;174;land;false;desert;1
632;178;201;206;land;true;desert;1
633;107;202;195;land;true;desert;1
634;146;229;183;land;true;desert;1
635;226;97;220;land;false;desert;1
636;74;192;236;land;true;desert;1
637;149;194;235;land;true;desert;1
638;174;181;248;land;false;desert;1
639;116;244;204;land;true;desert;1
640;177;245;108;land;true;desert;1
641;252;216;97;land;true;desert;1
642;134;233;188;land;false;desert;1
643;243;206;215;land;true;desert;1
644;212;132;163;land;true;desert;1
645;245;219;211;land;false;desert;1
646;168;233;130;land;false;desert;1
647;237;233;188;land;false;desert;1
648;184;224;142;land;false;desert;1
649;103;245;199;land;false;desert;1
650;242;178;222;land;true;desert;1
651;253;139;201;land;true;desert;1
652;190;206;122;land;true;desert;1
653;113;214;174;land;true;desert;1
654;211;233;172;land;false;desert;1
655;72;211;254;land;true;desert;1
656;205;109;208;land;true;desert;1
657;197;245;98;land;true;desert;1
658;206;69;236;land;false;desert;1
659;229;143;138;land;true;desert;1
660;248;202;71;land;false;desert;1
661;177;213;252;land;true;desert;1
662;86;190;224;land;false;desert;1
663;187;235;212;land;true;desert;1
664;186;242;97;land;true;desert;1
665;232;118;160;land;true;desert;1
666;240;233;29;land;true;desert;1
667;228;252;183;land;true;desert;1
668;231;249;62;land;true;desert;1
669;247;232;54;land;false;desert;1
670;252;191;196;land;false;desert;1
671;238;78;187;land;false;desert;1
672;250;168;206;land;true;desert;1
673;129;238;247;land;true;desert;1
674;52;240;228;land;true;desert;1
675;197;253;73;land;false;desert;1
676;240;47;230;land;false;desert;1
677;209;219;165;land;false;desert;1
678;159;229;146;land;true;desert;1
679;164;140;223;land;true;desert;1
680;199;183;240;land;false;desert;1
681;236;121;198;land;true;desert;1
682;200;241;185;land;true;desert;1
683;159;250;176;land;true;desert;1
684;232;127;173;land;true;desert;1
685;209;205;183;land;true;desert;1
686;199;185;176;land;true;desert;1
687;17;242;254;land;false;desert;1
688;197;204;199;land;true;desert;1
689;200;178;125;land;true;desert;1
690;245;207;233;land;false;desert;1
691;193;217;203;land;false;desert;1
692;241;218;202;land;false;desert;1
693;219;169;152;land;false;desert;1
694;229;214;168;land;false;desert;1
695;99;242;224;land;false;desert;1
696;231;141;231;land;true;desert;1
697;223;124;242;land;true;desert;1
698;142;216;157;land;false;desert;1
699;198;210;168;land;true;desert;1
700;232;182;109;land;true;desert;1
701;57;224;227;land;true;desert;1
702;246;116;152;land;true;desert;1
703;230;253;66;land;true;desert;1
704;146;241;252;land;true;desert;1
705;227;122;197;land;false;desert;1
706;82;228;210;land;true;desert;1
707;237;243;116;land;true;desert;1
708;167;173;198;land;true;desert;1
709;80;230;210;land;true;desert;1
710;127;144;250;land;false;desert;1
711;219;96;221;land;true;desert;1
712;250;241;75;land;false;desert;1
713;112;160;249;land;true;desert;1
714;245;177;150;land;true;desert;1
715;144;187;199;land;false;desert;1
716;52;252;231;land;true;desert;1
717;230;242;126;land;false;desert;1
718;232;99;242;land;true;desert;1
719;251;71;201;land;true;desert;1
720;204;252;141;land;false;desert;1
721;195;250;78;land;true;desert;1
722;209;228;76;land;true;desert;1
723;127;206;182;land;true;desert;1
724;121;254;152;land;true;desert;1
725;147;246;209;land;true;desert;1
726;151;230;248;land;true;desert;1
727;237;228;113;land;true;desert;1
728;170;91;245;land;true;desert;1
729;219;249;175;land;true;desert;1
730;132;153;216;land;true;desert;1
731;231;211;233;land;false;desert;1
732;170;195;212;land;false;desert;1
733;234;232;241;land;false;desert;1
734;114;212;199;land;false;desert;1
735;249;248;37;land;false;desert;1
736;94;204;251;land;false;desert;1
737;75;253;252;land;false;desert;1
738;244;160;184;land;false;desert;1
739;233;222;81;land;true;desert;1
740;213;249;243;land;true;desert;1
741;235;253;170;land;false;desert;1
742;184;229;132;land;false;desert;1
743;241;235;228;land;false;desert;1
744;160;213;173;land;false;desert;1
745;214;249;127;land;true;desert;1
746;205;243;247;land;false;desert;1
747;227;155;246;land;false;desert;1
748;246;212;249;land;false;desert;1
749;239;130;188;land;true;desert;1
750;230;234;124;land;true;desert;1
751;218;219;201;land;true;desert;1
752;252;248;126;land;false;desert;1
753;167;239;232;land;false;desert;1
754;220;252;246;land;true;desert;1
755;200;211;214;land;false;desert;1
756;197;254;224;land;true;desert;1
757;218;175;115;land;true;desert;1
758;251;234;112;land;true;desert;1
759;186;234;96;land;false;desert;1
760;164;150;219;land;true;desert;1
761;208;221;129;land;false;desert;1
762;242;185;99;land;true;desert;1
763;188;82;231;land;false;desert;1
764;187;221;186;land;true;desert;1
765;153;225;219;land;false;desert;1
766;47;216;248;land;true;desert;1
767;224;205;190;land;true;desert;1
768;232;83;221;land;false;desert;1
769;252;241;220;land;true;desert;1
770;135;167;210;land;false;desert;1
771;199;232;115;land;true;desert;1
772;88;191;231;land;true;desert;1
773;241;42;247;land;false;desert;1
774;237;232;205;land;true;desert;1
775;184;179;212;land;true;desert;1
776;119;214;223;land;true;desert;1
777;232;184;157;land;true;desert;1
778;128;182;251;land;true;desert;1
779;234;114;231;land;true;desert;1
780;232;239;235;land;true;desert;1
781;237;191;248;land;false;desert;1
782;243;81;199;land;true;desert;1
783;151;251;216;land;false;desert;1
784;205;177;152;land;false;desert;1
785;240;60;203;land;true;desert;1
786;224;197;216;land;true;desert;1
787;190;159;191;land;true;desert;1
788;225;245;112;land;false;desert;1
789;229;164;142;land;true;desert;1
790;200;202;148;land;false;desert;1
791;224;160;210;land;true;desert;1
792;246;225;253;land;true;desert;1
793;202;219;176;land;true;desert;1
794;234;89;202;land;true;desert;1
795;242;186;241;land;true;desert;1
796;175;100;245;land;false;desert;1
797;243;190;91;land;true;desert;1
798;225;238;215;land;true;desert;1
799;179;123;231;land;true;desert;1
800;181;156;187;land;true;desert;1
801;195;183;189;land;true;desert;1
802;184;155;197;land;true;desert;1
803;171;233;166;land;true;desert;1
804;99;224;193;land;true;desert;1
805;220;211;224;land;true;desert;1
806;216;235;135;land;false;desert;1
807;6;246;252;land;false;desert;1
808;196;173;196;land;true;desert;1
809;195;225;124;land;true;desert;1
810;241;88;225;land;true;desert;1
811;250;218;254;land;true;desert;1
812;199;249;173;land;true;desert;1
813;217;174;123;land;true;desert;1
814;179;173;202;land;true;desert;1
815;195;238;82;land;true;desert;1
816;205;185;173;land;true;desert;1
817;193;73;249;land;true;desert;1
818;208;158;222;land;true;desert;1
819;146;196;174;land;true;desert;1
820;249;168;243;land;true;desert;1
821;252;99;243;land;true;desert;1
822;235;153;189;land;true;desert;1
823;241;195;119;land;false;desert;1
824;183;147;192;land;true;desert;1
825;218;207;105;land;true;desert;1
826;165;244;193;land;false;desert;1
827;236;205;153;land;true;desert;1
828;171;182;199;land;true;desert;1
829;173;239;139;land;true;desert;1
830;212;172;191;land;true;desert;1
831;189;220;109;land;true;desert;1
832;74;196;254;land;true;desert;1
833;21;243;239;land;true;desert;1
834;241;45;248;land;false;desert;1
835;210;248;237;land;true;desert;1
836;53;253;197;land;true;desert;1
837;210;226;211;land;true;desert;1
838;69;207;253;land;true;desert;1
839;226;219;103;land;true;desert;1
840;243;183;171;land;true;desert;1
841;100;246;211;land;true;desert;1
842;226;184;173;land;true;desert;1
843;100;198;235;land;false;desert;1
844;250;152;232;land;true;desert;1
845;64;238;249;land;true;desert;1
846;244;85;253;land;false;desert;1
847;181;206;160;land;true;desert;1
848;238;32;247;land;true;desert;1
849;200;157;236;land;false;desert;1
850;203;250;64;land;true;desert;1
851;149;186;189;land;true;desert;1
852;226;202;209;land;true;desert;1
853;235;215;169;land;true;desert;1
854;175;200;160;land;true;desert;1
855;141;247;239;land;false;desert;1
856;238;124;218;land;false;desert;1
857;246;156;178;land;true;desert;1
858;219;225;250;land;true;desert;1
859;209;202;106;land;true;desert;1
860;128;225;150;land;false;desert;1
861;227;201;157;land;true;desert;1
862;186;157;188;land;true;desert;1
863;252;177;187;land;true;desert;1
864;150;142;216;land;false;desert;1
865;214;97;223;land;true;desert;1
866;204;232;161;land;true;desert;1
867;139;230;138;land;true;desert;1
868;238;241;207;land;false;desert;1
869;149;223;232;land;true;desert;1
870;249;189;178;land;true;desert;1
871;94;236;215;land;true;desert;1
872;212;123;190;land;false;desert;1
873;181;222;121;land;false;desert;1
874;252;122;228;land;false;desert;1
875;243;242;66;land;true;desert;1
876;197;244;210;land;false;desert;1
877;174;242;123;land;false;desert;1
878;171;185;225;land;false;desert;1
879;195;186;168;land;false;desert;1
880;197;99;245;land;false;desert;1
881;229;57;247;land;true;desert;1
882;192;233;173;land;true;desert;1
883;223;199;250;land;true;desert;1
884;124;254;206;land;false;desert;1
885;223;248;178;land;true;desert;1
886;236;139;231;land;true;desert;1
887;215;223;147;land;false;desert;1
888;226;220;214;land;false;desert;1
889;140;238;173;land;true;desert;1
890;71;234;202;land;true;desert;1
891;243;175;163;land;true;desert;1
892;247;176;99;land;true;desert;1
893;198;216;210;land;true;desert;1
894;175;137;246;land;true;desert;1
895;211;249;191;land;true;desert;1
896;250;29;230;land;true;desert;1
897;171;187;144;land;true;desert;1
898;156;204;223;land;true;desert;1
899;154;216;151;land;true;desert;1
900;253;71;183;land;true;desert;1
901;151;241;221;land;true;desert;1
902;236;234;143;land;true;desert;1
903;215;141;243;land;true;desert;1
904;133;230;148;land;true;desert;1
905;199;234;235;land;false;desert;1
906;175;183;197;land;false;desert;1
907;155;222;192;land;false;desert;1
908;236;121;159;land;true;desert;1
909;151;156;212;land;true;desert;1
910;217;223;61;land;true;desert;1
911;62;252;226;land;true;desert;1
912;209;211;121;land;true;desert;1
913;243;169;118;land;true;desert;1
914;176;204;237;land;true;desert;1
915;124;193;254;land;true;desert;1
916;179;223;213;land;true;desert;1
917;234;228;235;land;true;desert;1
918;159;93;254;land;true;desert;1
919;202;167;160;land;true;desert;1
920;211;214;111;land;true;desert;1
921;179;217;133;land;false;desert;1
922;248;180;136;land;true;desert;1
923;228;237;116;land;true;desert;1
924;237;148;150;land;true;desert;1
925;209;117;184;land;true;desert;1
926;235;146;190;land;false;desert;1
927;238;151;224;land;false;desert;1
928;249;230;36;land;false;desert;1
929;209;208;126;land;false;desert;1
930;252;196;186;land;false;desert;1
931;238;241;233;land;false;desert;1
932;216;224;108;land;true;desert;1
933;185;247;71;land;true;desert;1
934;158;198;196;land;true;desert;1
935;204;123;201;land;true;desert;1
936;224;129;210;land;false;desert;1
937;222;246;154;land;true;desert;1
938;123;202;188;land;false;desert;1
939;87;235;233;land;true;desert;1
940;230;151;228;land;false;desert;1
941;243;209;211;land;true;desert;1
942;160;148;242;land;true;desert;1
943;157;206;208;land;false;desert;1
944;223;167;209;land;true;desert;1
945;192;193;125;land;true;desert;1
946;222;217;251;land;true;desert;1
947;218;231;131;land;true;desert;1
948;189;243;167;land;true;desert;1
949;182;233;90;land;true;desert;1
950;242;214;152;land;true;desert;1
951;68;203;233;land;false;desert;1
952;112;207;214;land;true;desert;1
953;199;153;235;land;true;desert;1
954;233;250;127;land;true;desert;1
955;186;248;184;land;true;desert;1
956;141;180;194;land;false;desert;1
957;243;160;234;land;true;desert;1
958;192;151;253;land;true;desert;1
959;249;210;148;land;false;desert;1
960;152;228;216;land;true;desert;1
961;193;217;125;land;true;desert;1
962;232;147;240;land;true;desert;1
963;227;241;248;land;true;desert;1
964;201;235;175;land;true;desert;1
965;211;104;194;land;false;desert;1
966;237;167;111;land;false;desert;1
967;252;230;95;land;false;desert;1
968;244;212;228;land;false;desert;1
969;176;229;106;land;true;desert;1
970;118;250;251;land;true;desert;1
971;231;43;233;land;true;desert;1
972;210;205;193;land;true;desert;1
973;183;219;176;land;true;desert;1
974;224;242;155;land;true;desert;1
975;220;151;238;land;true;desert;1
976;250;198;125;land;true;desert;1
977;116;215;207;land;true;desert;1
978;128;155;253;land;true;desert;1
979;246;197;62;land;true;desert;1
980;251;204;187;land;true;desert;1
981;232;75;233;land;false;desert;1
982;225;93;233;land;true;desert;1
983;182;218;113;land;true;desert;1
984;179;214;205;land;true;desert;1
985;222;253;147;land;true;desert;1
986;239;139;174;land;false;desert;1
987;181;192;180;land;true;desert;1
988;117;245;211;land;true;desert;1
989;242;214;76;land;true;desert;1
990;248;252;251;land;false;desert;1
991;223;160;237;land;true;desert;1
992;225;238;138;land;false;desert;1
993;203;203;233;land;false;desert;1
994;221;179;239;land;true;desert;1
995;236;194;245;land;true;desert;1
996;175;139;251;land;false;desert;1
997;145;228;134;land;false;desert;1
998;216;174;160;land;false;desert;1
999;81;208;211;land;true;desert;1
1000;208;96;204;land;false;desert;1
1001;248;61;197;land;false;desert;1
1002;196;249;93;land;false;desert;1
1003;129;249;242;land;false;desert;1
1004;240;240;191;land;true;desert;1
1005;147;252;113;land;true;desert;1
1006;172;131;206;land;true;desert;1
1007;112;145;245;land;true;desert;1
1008;212;208;214;land;false;desert;1
1009;165;129;229;land;false;desert;1
1010;244;174;146;land;true;desert;1
1011;252;206;110;land;true;desert;1
1012;231;191;169;land;true;desert;1
1013;221;93;219;land;false;desert;1
1014;230;77;223;land;false;desert;1
1015;102;215;230;land;true;desert;1
1016;76;253;248;land;true;desert;1
1017;133;218;249;land;true;desert;1
1018;145;144;221;land;false;desert;1
1019;217;215;188;land;true;desert;1
1020;193;147;254;land;true;desert;1
1021;174;235;190;land;true;desert;1
1022;250;206;110;land;true;desert;1
1023;141;253;213;land;true;desert;1
1024;213;197;131;land;true;desert;1
1025;221;134;161;land;true;desert;1
1026;203;98;239;land;true;desert;1
1027;250;224;34;land;true;desert;1
1028;219;74;253;land;false;desert;1
1029;253;200;251;land;false;desert;1
1030;103;228;226;land;true;desert;1
1031;235;199;160;land;true;desert;1
1032;240;253;239;land;false;desert;1
1033;170;181;235;land;true;desert;1
1034;180;247;202;land;true;desert;1
1035;230;225;149;land;false;desert;1
1036;162;253;188;land;false;desert;1
1037;108;214;178;land;true;desert;1
1038;202;121;217;land;true;desert;1
1039;244;242;218;land;true;desert;1
1040;171;162;233;land;false;desert;1
1041;221;223;101;land;false;desert;1
1042;204;123;225;land;true;desert;1
1043;209;174;206;land;false;desert;1
1044;118;219;190;land;false;desert;1
1045;117;218;231;land;false;desert;1
1046;211;171;238;land;false;desert;1
1047;212;235;86;land;false;desert;1
1048;195;227;82;land;true;desert;1
1049;243;205;184;land;false;desert;1
1050;227;163;113;land;true;desert;1
1051;156;193;243;land;false;desert;1
1052;207;204;242;land;false;desert;1
1053;187;196;146;land;false;desert;1
1054;225;96;252;land;true;desert;1
1055;141;192;184;land;true;desert;1
1056;82;218;244;land;true;desert;1
1057;179;218;183;land;true;desert;1
1058;90;232;229;land;true;desert;1
1059;243;52;248;land;false;desert;1
1060;120;219;210;land;false;desert;1
1061;207;206;252;land;false;desert;1
1062;135;219;253;land;true;desert;1
1063;107;216;231;land;true;desert;1
1064;200;222;138;land;true;desert;1
1065;216;165;215;land;false;desert;1
1066;176;253;164;land;true;desert;1
1067;241;111;202;land;true;desert;1
1068;101;211;245;land;true;desert;1
1069;131;229;201;land;false;desert;1
1070;131;236;253;land;false;desert;1
1071;57;206;244;land;false;desert;1
1072;251;250;253;land;true;desert;1
1073;240;178;205;land;true;desert;1
1074;240;240;95;land;true;desert;1
1075;165;205;139;land;true;desert;1
1076;122;186;239;land;true;desert;1
1077;245;214;94;land;true;desert;1
1078;132;227;201;land;true;desert;1
1079;48;251;223;land;true;desert;1
1080;208;193;166;land;false;desert;1
1081;160;155;254;land;true;desert;1
1082;237;117;233;land;true;desert;1
1083;206;243;135;land;true;desert;1
1084;247;70;215;land;true;desert;1
1085;56;226;223;land;false;desert;1
1086;117;233;239;land;false;desert;1
1087;210;150;183;land;false;desert;1
1088;237;199;124;land;true;desert;1
1089;204;238;111;land;true;desert;1
1090;169;238;242;land;true;desert;1
1091;240;246;215;land;false;desert;1
1092;250;184;122;land;true;desert;1
1093;143;149;252;land;true;desert;1
1094;242;226;127;land;true;desert;1
1095;185;234;199;land;false;desert;1
1096;218;184;114;land;true;desert;1
1097;181;191;147;land;true;desert;1
1098;213;206;153;land;true;desert;1
1099;240;132;133;land;true;desert;1
1100;155;241;130;land;true;desert;1
1101;215;103;199;land;false;desert;1
1102;44;236;243;land;true;desert;1
1103;176;250;251;land;true;desert;1
1104;184;177;174;land;true;desert;1
1105;190;229;230;land;true;desert;1
1106;206;220;115;land;false;desert;1
1107;215;200;118;land;true;desert;1
1108;157;186;241;land;false;desert;1
1109;159;222;224;land;false;desert;1
1110;124;224;155;land;false;desert;1
1111;172;174;220;land;true;desert;1
1112;158;220;227;land;true;desert;1
1113;179;196;236;land;true;desert;1
1114;136;208;206;land;false;desert;1
1115;155;164;232;land;true;desert;1
1116;243;189;103;land;true;desert;1
1117;246;34;244;land;true;desert;1
1118;72;252;195;land;false;desert;1
1119;185;83;248;land;false;desert;1
1120;227;152;125;land;false;desert;1
1121;164;185;206;land;false;desert;1
1122;147;219;210;land;true;desert;1
1123;176;197;198;land;true;desert;1
1124;130;240;219;land;true;desert;1
1125;243;96;215;land;true;desert;1
1126;201;160;230;land;true;desert;1
1127;125;152;254;land;true;desert;1
1128;226;110;252;land;false;desert;1
1129;241;184;171;land;false;desert;1
1130;249;128;160;land;true;desert;1
1131;203;240;57;land;false;desert;1
1132;218;208;133;land;false;desert;1
1133;221;100;225;land;true;desert;1
1134;236;232;61;land;false;desert;1
1135;121;226;244;land;false;desert;1
1136;207;99;251;land;false;desert;1
1137;54;223;224;land;true;desert;1
1138;178;104;220;land;true;desert;1
1139;159;163;249;land;false;desert;1
1140;248;231;147;land;false;desert;1
1141;135;163;249;land;false;desert;1
1142;242;163;127;land;false;desert;1
1143;69;250;204;land;false;desert;1
1144;144;254;119;land;true;desert;1
1145;210;82;247;land;true;desert;1
1146;237;253;232;land;false;desert;1
1147;224;175;183;land;true;desert;1
1148;209;233;103;land;false;desert;1
1149;205;108;189;land;true;desert;1
1150;80;251;196;land;true;desert;1
1151;238;198;250;land;true;desert;1
1152;229;174;251;land;true;desert;1
1153;240;126;163;land;true;desert;1
1154;158;169;175;land;true;desert;1
1155;244;177;82;land;false;desert;1
1156;194;130;207;land;true;desert;1
1157;235;205;124;land;true;desert;1
1158;203;172;137;land;true;desert;1
1159;174;205;179;land;false;desert;1
1160;96;248;234;land;true;desert;1
1161;243;236;111;land;false;desert;1
1162;242;205;212;land;false;desert;1
1163;219;246;62;land;true;desert;1
1164;149;241;203;land;false;desert;1
1165;235;82;245;land;true;desert;1
1166;198;239;160;land;true;desert;1
1167;175;251;90;land;true;desert;1
1168;210;119;176;land;false;desert;1
1169;247;112;187;land;true;desert;1
1170;211;212;106;land;true;desert;1
1171;91;229;205;land;true;desert;1
1172;100;251;163;land;true;desert;1
1173;155;206;245;land;true;desert;1
1174;145;149;246;land;true;desert;1
1175;204;250;156;land;true;desert;1
1176;179;223;220;land;true;desert;1
1177;166;179;253;land;true;desert;1
1178;162;132;249;land;true;desert;1
1179;234;165;180;land;true;desert;1
1180;211;181;224;land;true;desert;1
1181;79;243;207;land;false;desert;1
1182;205;248;64;land;true;desert;1
1183;146;106;253;land;true;desert;1
1184;163;233;133;land;true;desert;1
1185;247;151;194;land;true;desert;1
1186;159;189;220;land;true;desert;1
1187;161;216;141;land;true;desert;1
1188;235;51;251;land;true;desert;1
1189;218;143;224;land;true;desert;1
1190;239;253;45;land;true;desert;1
1191;218;212;165;land;true;desert;1
1192;34;248;251;land;true;desert;1
1193;69;220;240;land;true;desert;1
1194;114;157;232;land;false;desert;1
1195;203;213;167;land;false;desert;1
1196;216;231;213;land;true;desert;1
1197;210;234;243;land;false;desert;1
1198;213;191;211;land;false;desert;1
1199;206;251;208;land;false;desert;1
1200;112;231;157;land;false;desert;1
1201;212;242;168;land;true;desert;1
1202;240;197;89;land;false;desert;1
1203;251;253;100;land;true;desert;1
1204;127;251;237;land;true;desert;1
1205;246;203;60;land;true;desert;1
1206;202;175;137;land;false;desert;1
1207;122;251;163;land;true;desert;1
1208;250;225;212;land;false;desert;1
1209;176;250;205;land;false;desert;1
1210;170;236;106;land;true;desert;1
1211;202;223;107;land;true;desert;1
1212;249;177;226;land;true;desert;1
1213;194;110;202;land;true;desert;1
1214;232;183;126;land;true;desert;1
1215;184;217;219;land;true;desert;1
1216;132;253;205;land;false;desert;1
1217;250;245;210;land;true;desert;1
1218;133;243;199;land;true;desert;1
1219;111;230;207;land;true;desert;1
1220;234;197;126;land;false;desert;1
1221;137;177;243;land;true;desert;1
1222;28;254;250;land;true;desert;1
1223;239;147;166;land;true;desert;1
1224;225;84;225;land;true;desert;1
1225;182;167;171;land;true;desert;1
1226;109;158;235;land;false;desert;1
1227;192;211;162;land;true;desert;1
1228;196;112;230;land;true;desert;1
1229;250;16;253;land;false;desert;1
1230;251;119;211;land;false;desert;1
1231;113;213;218;land;true;desert;1
1232;240;107;252;land;false;desert;1
1233;201;181;137;land;true;desert;1
1234;183;208;226;land;true;desert;1
1235;186;192;189;land;true;desert;1
1236;213;239;105;land;true;desert;1
1237;216;228;202;land;true;desert;1
1238;213;120;187;land;false;desert;1
1239;137;246;181;land;true;desert;1
1240;196;237;178;land;true;desert;1
1241;67;236;233;land;true;desert;1
1242;190;249;229;land;true;desert;1
1243;141;152;228;land;false;desert;1
1244;206;213;229;land;true;desert;1
1245;189;247;176;land;true;desert;1
1246;248;179;203;land;false;desert;1
1247;183;150;249;land;true;desert;1
1248;247;61;247;land;true;desert;1
1249;86;227;209;land;true;desert;1
1250;238;205;144;land;true;desert;1
1251;222;247;160;land;true;desert;1
1252;217;97;203;land;true;desert;1
1253;252;146;131;land;true;desert;1
1254;44;232;253;land;true;desert;1
1255;123;230;174;land;true;desert;1
1256;243;253;107;land;false;desert;1
1257;179;197;205;land;false;desert;1
1258;228;214;160;land;true;desert;1
1259;216;229;224;land;false;desert;1
1260;236;203;106;land;true;desert;1
1261;212;196;234;land;true;desert;1
1262;152;189;186;land;false;desert;1
1263;155;251;129;land;true;desert;1
1264;163;136;207;land;false;desert;1
1265;250;216;190;land;true;desert;1
1266;184;209;191;land;true;desert;1
1267;190;217;197;land;false;desert;1
1268;72;217;249;land;true;desert;1
1269;238;212;222;land;true;desert;1
1270;229;253;77;land;false;desert;1
1271;126;235;198;land;false;desert;1
1272;121;192;209;land;true;desert;1
1273;78;241;183;land;false;desert;1
1274;220;144;166;land;true;desert;1
1275;237;232;170;land;true;desert;1
1276;213;246;82;land;true;desert;1
1277;217;221;185;land;true;desert;1
1278;241;158;229;land;true;desert;1
1279;157;179;208;land;false;desert;1
1280;176;161;211;land;true;desert;1
1281;234;50;236;land;false;desert;1
1282;245;236;156;land;true;desert;1
1283;206;99;243;land;false;desert;1
1284;119;240;148;land;true;desert;1
1285;109;254;194;land;true;desert;1
1286;229;211;236;land;false;desert;1
1287;192;170;187;land;true;desert;1
1288;198;230;91;land;true;desert;1
1289;212;165;143;land;true;desert;1
1290;209;157;135;land;true;desert;1
1291;186;188;217;land;true;desert;1
1292;92;238;240;land;true;desert;1
1293;188;238;196;land;true;desert;1
1294;252;177;171;land;true;desert;1
1295;183;238;188;land;false;desert;1
1296;208;192;141;land;true;desert;1
1297;150;108;253;land;true;desert;1
1298;182;220;206;land;true;desert;1
1299;98;216;214;land;true;desert;1
1300;228;161;181;land;true;desert;1
1301;194;102;207;land;true;desert;1
1302;210;205;102;land;false;desert;1
1303;198;110;239;land;true;desert;1
1304;153;149;238;land;true;desert;1
1305;171;173;225;land;true;desert;1
1306;177;247;201;land;true;desert;1
1307;207;133;204;land;true;desert;1
1308;155;231;163;land;false;desert;1
1309;253;145;177;land;true;desert;1
1310;209;250;49;land;true;desert;1
1311;171;245;160;land;true;desert;1
1312;136;185;180;land;false;desert;1
1313;235;150;161;land;true;desert;1
1314;249;35;253;land;true;desert;1
1315;248;35;230;land;true;desert;1
1316;156;198;245;land;false;desert;1
1317;226;187;145;land;true;desert;1
1318;240;85;196;land;false;desert;1
1319;164;254;184;land;true;desert;1
1320;253;87;174;land;true;desert;1
1321;235;193;199;land;true;desert;1
1322;66;215;249;land;false;desert;1
1323;158;214;211;land;true;desert;1
1324;248;244;136;land;true;desert;1
1325;246;83;245;land;true;desert;1
1326;249;238;69;land;true;desert;1
1327;213;206;103;land;false;desert;1
1328;180;208;252;land;true;desert;1
1329;148;136;242;land;true;desert;1
1330;253;254;149;land;true;desert;1
1331;245;91;195;land;true;desert;1
1332;29;253;234;land;true;desert;1
1333;238;188;135;land;true;desert;1
1334;239;85;243;land;false;desert;1
1335;248;152;230;land;true;desert;1
1336;225;98;219;land;true;desert;1
1337;234;168;201;land;false;desert;1
1338;181;138;239;land;true;desert;1
1339;131;191;253;land;false;desert;1
1340;166;223;178;land;true;desert;1
1341;200;230;214;land;true;desert;1
1342;229;132;234;land;true;desert;1
1343;155;219;251;land;true;desert;1
1344;168;117;246;land;true;desert;1
1345;102;251;203;land;true;desert;1
1346;252;233;97;land;true;desert;1
1347;186;231;89;land;false;desert;1
1348;145;245;112;land;false;desert;1
1349;203;180;175;land;true;desert;1
1350;200;158;183;land;false;desert;1
1351;222;243;234;land;false;desert;1
1352;197;159;200;land;true;desert;1
1353;188;228;165;land;true;desert;1
1354;171;128;248;land;false;desert;1
1355;254;195;229;land;true;desert;1
1356;172;245;132;land;true;desert;1
1357;251;176;224;land;false;desert;1
1358;98;185;233;land;true;desert;1
1359;249;104;174;land;true;desert;1
1360;159;244;171;land;true;desert;1
1361;36;233;248;land;true;desert;1
1362;200;132;222;land;true;desert;1
1363;175;194;138;land;false;desert;1
1364;250;137;156;land;true;desert;1
1365;212;131;254;land;false;desert;1
1366;226;139;150;land;true;desert;1
1367;166;175;168;land;true;desert;1
1368;216;93;204;land;true;desert;1
1369;243;109;171;land;true;desert;1
1370;230;248;46;land;false;desert;1
1371;200;223;115;land;true;desert;1
1372;216;202;147;land;true;desert;1
1373;250;234;52;land;true;desert;1
1374;177;96;232;land;true;desert;1
1375;218;105;245;land;true;desert;1
1376;216;146;254;land;true;desert;1
1377;40;214;252;land;false;desert;1
1378;228;182;204;land;false;desert;1
1379;156;189;174;land;true;desert;1
1380;182;92;230;land;true;desert;1
1381;241;244;205;land;true;desert;1
1382;248;175;149;land;true;desert;1
1383;249;95;191;land;true;desert;1
1384;233;248;57;land;false;desert;1
1385;222;122;190;land;true;desert;1
1386;69;215;249;land;true;desert;1
1387;213;205;136;land;true;desert;1
1388;186;196;188;land;true;desert;1
1389;225;60;253;land;true;desert;1
1390;52;241;216;land;true;desert;1
1391;158;246;238;land;true;desert;1
1392;229;54;237;land;false;desert;1
1393;185;215;150;land;true;desert;1
1394;41;246;242;land;true;desert;1
1395;168;183;246;land;false;desert;1
1396;167;237;221;land;false;desert;1
1397;205;217;202;land;true;desert;1
1398;142;159;234;land;true;desert;1
1399;147;254;118;land;true;desert;1
1400;191;134;208;land;false;desert;1
1401;183;136;190;land;true;desert;1
1402;247;221;55;land;true;desert;1
1403;195;177;191;land;false;desert;1
1404;210;246;85;land;true;desert;1
1405;165;181;214;land;true;desert;1
1406;211;184;205;land;false;desert;1
1407;136;215;233;land;true;plains;1
1408;216;94;250;land;true;plains;1
1409;247;158;184;land;true;plains;1
1410;248;183;119;land;true;plains;1
1411;187;88;242;land;true;plains;1
1412;107;222;207;land;true;plains;1
1413;184;97;240;land;true;plains;1
1414;100;221;188;land;true;plains;1
1415;202;194;172;land;true;plains;1
1416;213;235;155;land;true;plains;1
1417;202;190;155;land;true;plains;1
1418;194;253;76;land;true;plains;1
1419;234;76;233;land;true;plains;1
1420;198;220;93;land;true;plains;1
1421;217;84;253;land;true;plains;1
1422;157;142;230;land;true;plains;1
1423;252;70;189;land;true;plains;1
1424;148;198;194;land;true;plains;1
1425;227;232;246;land;true;plains;1
1426;214;213;137;land;true;plains;1
1427;188;206;149;land;true;plains;1
1428;254;219;100;land;true;plains;1
1429;249;223;240;land;true;plains;1
1430;250;209;58;land;true;plains;1
1431;194;124;224;land;true;plains;1
1432;134;200;233;land;true;plains;1
1433;151;181;245;land;true;plains;1
1434;155;164;208;land;true;plains;1
1435;35;243;252;land;true;plains;1
1436;209;173;200;land;true;plains;1
1437;51;242;228;land;true;plains;1
1438;17;43;18;sea;false;ocean;0
1439;28;16;28;sea;false;ocean;0
1440;2;1;24;sea;false;ocean;0
1441;46;6;31;sea;false;ocean;0
1442;18;22;47;sea;false;ocean;0
1443;15;28;21;sea;false;ocean;0
1444;39;9;33;sea;false;ocean;0
1445;4;24;39;sea;false;ocean;0
1446;26;9;12;sea;false;ocean;0
1447;38;23;21;sea;false;ocean;0
1448;47;2;44;sea;false;ocean;0
1449;9;29;36;sea;false;ocean;0
1450;13;39;36;sea;false;ocean;0
1451;10;22;43;sea;false;ocean;0
1452;15;34;17;sea;false;ocean;0
1453;35;18;4;sea;false;ocean;0
1454;37;14;0;sea;false;ocean;0
1455;0;18;43;sea;false;ocean;0
1456;13;21;42;sea;false;ocean;0
1457;39;9;46;sea;false;ocean;0
1458;4;35;40;sea;false;ocean;0
1459;36;18;36;sea;false;ocean;0
1460;23;40;36;sea;false;ocean;0
1461;37;37;0;sea;false;ocean;0
1462;17;14;13;sea;false;ocean;0
1463;43;39;4;sea;false;ocean;0
1464;21;17;46;sea;false;ocean;0
1465;15;41;3;sea;false;ocean;0
1466;15;2;22;sea;false;ocean;0
1467;25;45;18;sea;false;ocean;0
1468;5;33;9;sea;false;ocean;0
1469;24;11;7;sea;false;ocean;0
1470;40;32;6;sea;false;ocean;0
1471;10;39;8;sea;false;ocean;0
1472;1;43;31;sea;false;ocean;0
1473;37;35;5;sea;false;ocean;0
1474;25;28;44;sea;false;ocean;0
1475;5;20;0;sea;false;ocean;0
1476;31;43;1;sea;false;ocean;0
1477;7;4;24;sea;false;ocean;0
1478;12;0;24;sea;false;ocean;0
1479;44;18;23;sea;false;ocean;0
1480;29;25;8;sea;false;ocean;0
1481;10;13;8;sea;false;ocean;0
1482;44;47;0;sea;false;ocean;0
1483;4;3;43;sea;false;ocean;0
1484;40;3;22;sea;false;ocean;0
1485;42;37;7;sea;false;ocean;0
1486;23;8;38;sea;false;ocean;0
1487;45;21;15;sea;false;ocean;0
1488;9;23;1;sea;false;ocean;0
1489;32;46;11;sea;false;ocean;0
1490;42;27;31;sea;false;ocean;0
1491;35;20;39;sea;false;ocean;0
1492;12;33;14;sea;false;ocean;0
1493;36;24;2;sea;false;ocean;0
1494;34;17;15;sea;false;ocean;0
1495;32;44;3;sea;false;ocean;0
1496;6;41;3;sea;false;ocean;0
1497;21;44;2;sea;false;ocean;0
1498;14;34;22;sea;false;ocean;0
1499;40;13;39;sea;false;ocean;0
1500;19;15;20;sea;false;ocean;0
1501;8;4;44;sea;false;ocean;0
1502;11;6;33;sea;false;ocean;0
1503;5;25;22;sea;false;ocean;0
1504;1;39;26;sea;false;ocean;0
1505;41;22;16;sea;false;ocean;0
1506;6;16;6;sea;false;ocean;0
1507;0;19;20;sea;false;ocean;0
1508;0;6;44;sea;false;ocean;0
1509;36;18;44;sea;false;ocean;0
1510;45;24;29;sea;false;ocean;0
1511;5;48;14;sea;false;ocean;0
1512;8;14;34;sea;false;ocean;0
1513;19;24;47;sea;false;ocean;0
1514;5;20;18;sea;false;ocean;0
1515;30;34;9;sea;false;ocean;0
1516;21;48;12;sea;false;ocean;0
1517;18;12;4;sea;false;ocean;0
1518;33;9;38;sea;false;ocean;0
1519;15;14;49;sea;false;ocean;0
1520;18;7;31;sea;false;ocean;0
1521;23;49;14;sea;false;ocean;0
1522;2;13;23;sea;false;ocean;0
1523;27;24;0;sea;false;ocean;0
1524;11;36;27;sea;false;ocean;0
1525;23;4;36;sea;false;ocean;0
1526;7;42;12;sea;false;ocean;0
1527;32;35;9;sea;false;ocean;0
1528;12;21;39;sea;false;ocean;0
1529;1;25;7;sea;false;ocean;0
1530;4;31;10;sea;false;ocean;0
1531;2;9;35;sea;false;ocean;0
1532;20;49;31;sea;false;ocean;0
1533;20;6;35;sea;false;ocean;0
1534;7;22;45;sea;false;ocean;0
1535;26;18;23;sea;false;ocean;0
1536;25;13;10;sea;false;ocean;0
1537;19;47;28;sea;false;ocean;0
1538;29;5;48;sea;false;ocean;0
1539;40;32;25;sea;false;ocean;0
1540;26;2;45;sea;false;ocean;0
1541;46;12;30;sea;false;ocean;0
1542;23;26;11;sea;false;ocean;0
1543;2;39;38;sea;false;ocean;0
1544;18;37;43;sea;false;ocean;0
1545;45;9;43;sea;false;ocean;0
1546;22;20;29;sea;false;ocean;0
1547;18;27;42;sea;false;ocean;0
1548;37;7;48;sea;false;ocean;0
1549;35;34;13;sea;false;ocean;0
1550;9;37;18;sea;false;ocean;0
1551;12;26;37;sea;false;ocean;0
1552;20;15;38;sea;false;ocean;0
1553;10;35;19;sea;false;ocean;0
1554;7;1;35;sea;false;ocean;0
1555;17;41;32;sea;false;ocean;0
1556;23;41;11;sea;false;ocean;0
1557;22;48;9;sea;false;ocean;0
1558;32;16;48;sea;false;ocean;0
1559;4;24;8;sea;false;ocean;0
1560;4;22;18;sea;false;ocean;0
